Month,"Retail sales, Adjusted(Millions of Dollars)","Motor vehicle and parts dealers, Adjusted(Millions of Dollars)","Furniture and home furnishings stores, Adjusted(Millions of Dollars)","Electronics and appliance stores, Adjusted(Millions of Dollars)","Building mat. and garden equip. and supplies dealers, Adjusted(Millions of Dollars)","Food and beverage stores, Adjusted(Millions of Dollars)","Health and personal care stores, Adjusted(Millions of Dollars)","Gasoline stations, Adjusted(Millions of Dollars)","Clothing and clothing access. Stores, Adjusted(Millions of Dollars)","Sporting goods, hobby, musical instrument, and book stores, Adjusted(Millions of Dollars)","General merchandise stores, Adjusted(Millions of Dollars)","Miscellaneous store retailers, Adjusted(Millions of Dollars)","Nonstore retailers, Adjusted(Millions of Dollars)","Food services and drinking places, Adjusted(Millions of Dollars)",Monthly Nominal GDP Index,Monthly Real GDP Index,UNRATE(%),CPI Value,Season
1992-01-01,146925,33478,4254,3874,10845,30437,7421,12803,9716,3385,19879,4318,6515,17170,6315.718,10177.808,7.3,138.3,Winter
1992-02-01,147223,33817,4342,3904,10904,30382,7425,12601,9712,3516,20202,4308,6110,16990,6356.508,10222.919,7.4,138.6,Winter
1992-03-01,146805,33336,4330,3916,10986,30526,7443,12639,9669,3482,20168,4292,6018,16916,6417.08,10307.964,7.4,139.1,Spring
1992-04-01,148032,33776,4359,3958,10738,30602,7516,12710,9862,3535,20258,4391,6327,16677,6443.26,10314.31,7.4,139.4,Spring
1992-05-01,149010,34357,4331,3981,10777,30718,7458,12870,9755,3512,20345,4356,6550,16602,6433.8,10293.473,7.6,139.7,Spring
1992-06-01,149800,34781,4401,3992,10790,30761,7417,12886,9915,3549,20298,4357,6653,16277,6535.229,10433.829,7.8,140.1,Summer
1992-07-01,150761,35199,4368,4081,10785,30963,7292,12966,9957,3586,20205,4468,6891,16496,6557.307,10451.327,7.7,140.5,Summer
1992-08-01,151067,34585,4372,4048,10915,31041,7508,13092,10141,3512,20593,4494,6766,16733,6556.893,10431.177,7.6,140.8,Summer
1992-09-01,152588,35890,4345,4098,10980,30942,7420,13246,10154,3566,20684,4549,6714,16812,6585.723,10465.874,7.6,141.1,Fall
1992-10-01,153521,35972,4299,4186,10971,31148,7535,13304,10174,3607,20851,4809,6665,17104,6637.251,10525.0,7.3,141.7,Fall
1992-11-01,153583,35928,4368,4118,10873,30992,7497,13358,10076,3626,21078,5059,6610,17420,6680.23,10555.456,7.4,142.1,Fall
1992-12-01,155614,36272,4428,4248,11082,31057,7526,13475,10318,3800,21752,5059,6597,17491,6724.928,10594.715,7.4,142.3,Winter
1993-01-01,157555,37621,4637,4395,11333,31045,7518,13398,10581,3648,21383,5352,6644,17553,6718.517,10578.491,7.3,142.8,Winter
1993-02-01,156266,36723,4507,4343,11410,31233,7651,13596,10150,3585,21392,4896,6780,17478,6741.424,10594.478,7.1,143.1,Winter
1993-03-01,154752,35955,4463,4383,11184,31058,7605,13487,9916,3608,21273,4811,7009,17554,6728.436,10555.041,7.0,143.3,Spring
1993-04-01,158979,38521,4564,4460,11417,31129,7683,13539,10257,3749,21759,5033,6868,17770,6767.885,10596.252,7.1,143.8,Spring
1993-05-01,160605,39006,4642,4485,11720,31164,7666,13521,10386,3746,21993,4967,7309,17821,6824.294,10659.354,7.1,144.2,Spring
1993-06-01,160127,38892,4609,4567,11669,31168,7680,13461,10411,3702,21957,5153,6858,18030,6834.639,10657.069,7.0,144.3,Summer
1993-07-01,162816,40290,4640,4642,11781,31349,7756,13502,10593,3810,22343,5064,7046,17927,6832.663,10631.603,6.9,144.5,Summer
1993-08-01,162506,40504,4645,4667,11875,31126,7678,13372,10406,3804,22315,5115,6999,18201,6874.167,10675.028,6.8,144.8,Summer
1993-09-01,163258,40203,4640,4729,11786,31201,7772,13416,10549,3825,22429,5222,7486,18515,6939.465,10758.304,6.7,145.0,Fall
1993-10-01,164685,40857,4663,4710,11908,31346,7758,13755,10449,3817,22647,5432,7343,18199,6944.544,10753.394,6.8,145.6,Fall
1993-11-01,166594,42077,4693,4741,12297,31363,7784,13754,10475,3930,22760,5159,7561,18153,7035.933,10860.531,6.6,146.0,Fall
1993-12-01,168161,42796,4693,4794,12583,31499,7989,13627,10442,4018,22905,5377,7438,18238,7060.737,10887.189,6.5,146.3,Winter
1994-01-01,167518,42660,4571,4837,12316,31468,7865,13656,10450,3981,22706,5288,7720,17624,7074.376,10886.226,6.6,146.3,Winter
1994-02-01,169649,43685,4775,4949,12233,31688,7729,13875,10587,4095,23070,5282,7681,18425,7122.912,10947.639,6.6,146.7,Winter
1994-03-01,172766,44475,4910,5052,12767,31700,7911,13911,10806,4131,23657,5593,7853,18813,7149.668,10982.642,6.5,147.1,Spring
1994-04-01,173106,45072,4916,5090,13076,31899,7838,13867,10554,4035,23354,5464,7941,18533,7186.468,11019.152,6.4,147.2,Spring
1994-05-01,172329,44098,4971,5185,13033,31858,7955,13773,10451,4119,23271,5756,7859,18600,7290.063,11127.609,6.1,147.5,Spring
1994-06-01,174241,44541,5018,5313,12987,32123,8014,14059,10612,4135,23626,5739,8074,18889,7264.262,11114.421,6.1,147.9,Summer
1994-07-01,174781,44477,5046,5330,13130,31964,8084,14322,10672,4111,23635,5933,8077,18962,7299.351,11118.524,6.1,148.4,Summer
1994-08-01,177295,45232,5165,5411,13224,32222,8126,14685,10839,4249,23889,6012,8241,18868,7351.561,11193.607,6.0,149.0,Summer
1994-09-01,178787,46314,5177,5508,13375,32401,8190,14649,10674,4306,23995,6092,8106,18978,7342.313,11143.678,5.9,149.3,Fall
1994-10-01,180561,47041,5260,5635,13550,32196,8214,14709,11000,4347,24255,6048,8306,19010,7429.158,11246.967,5.8,149.4,Fall
1994-11-01,180703,47203,5199,5753,13384,32370,8190,14878,10983,4221,24356,6074,8092,19028,7431.638,11239.42,5.6,149.8,Fall
1994-12-01,181524,46941,5254,5834,13981,32294,8287,14885,10952,4255,24583,6021,8237,19178,7505.068,11353.014,5.5,150.1,Winter
1995-01-01,182413,47224,5265,5892,13738,32625,8306,14915,10939,4436,24936,5955,8182,19160,7542.278,11356.542,5.6,150.5,Winter
1995-02-01,179488,45902,5081,5827,13613,32399,8304,14963,10582,4298,24115,6097,8307,18911,7488.455,11272.217,5.4,150.9,Winter
1995-03-01,181013,46681,5130,5849,13587,32415,8304,14921,10850,4347,24579,6134,8216,19234,7536.134,11331.011,5.4,151.2,Spring
1995-04-01,181686,47056,5181,5733,13415,32312,8450,15021,10796,4345,24747,6265,8365,19346,7539.266,11297.405,5.8,151.8,Spring
1995-05-01,183536,47718,5216,5956,13370,32540,8424,15215,10976,4380,24851,6372,8518,19450,7560.682,11327.565,5.6,152.1,Spring
1995-06-01,186081,49652,5217,6000,13548,32597,8482,15333,10948,4421,25166,6288,8429,19419,7643.043,11436.584,5.6,152.4,Summer
1995-07-01,185431,48832,5318,5965,13645,32466,8431,15249,10824,4429,25375,6398,8499,19489,7630.432,11379.881,5.7,152.6,Summer
1995-08-01,186806,49748,5304,6159,13683,32547,8488,15227,10813,4462,25174,6502,8699,19715,7674.169,11441.698,5.7,152.9,Summer
1995-09-01,187366,49188,5407,6141,13837,32625,8611,15194,11198,4441,25469,6413,8842,19640,7744.774,11529.883,5.6,153.1,Fall
1995-10-01,186565,49271,5429,6212,13932,32578,8584,15007,10882,4414,25135,6419,8702,19611,7747.188,11480.592,5.5,153.5,Fall
1995-11-01,189055,49863,5516,6263,14092,32744,8691,14981,11269,4532,25414,6520,9170,19609,7747.777,11499.132,5.6,153.7,Fall
1995-12-01,190774,50163,5445,6281,14683,32903,8761,15246,11124,4505,25554,6566,9543,19625,7822.793,11605.556,5.6,153.9,Winter
1996-01-01,189135,50349,5302,6191,14023,33085,8546,15479,11105,4600,25215,6202,9038,19564,7839.889,11583.787,5.6,154.7,Winter
1996-02-01,192266,52288,5346,6248,14036,32928,8782,15457,11341,4485,25616,6339,9400,19742,7853.005,11600.079,5.5,155.0,Winter
1996-03-01,194029,52348,5566,6365,14153,33076,8991,15951,11376,4548,25576,6473,9606,19862,7912.51,11661.268,5.5,155.5,Spring
1996-04-01,194744,51531,5595,6373,14340,33174,8922,16252,11422,4628,26103,6772,9632,19932,8025.242,11818.637,5.6,156.1,Spring
1996-05-01,196205,52200,5586,6428,14450,33178,9076,16488,11504,4432,26216,7128,9519,20094,8009.311,11777.136,5.6,156.4,Spring
1996-06-01,196136,51798,5678,6334,14902,33281,9072,16352,11365,4609,26085,7050,9610,19932,8063.967,11830.545,5.3,156.7,Summer
1996-07-01,196187,52004,5696,6234,14826,33470,9134,16075,11316,4655,26209,7018,9550,20145,8099.374,11876.275,5.5,157.0,Summer
1996-08-01,196218,51472,5655,6340,14981,33542,9237,16066,11360,4738,26441,6918,9468,20140,8123.031,11909.594,5.1,157.2,Summer
1996-09-01,198859,53184,5762,6438,14989,33494,9190,16088,11534,4690,26590,7011,9889,20397,8171.82,11957.733,5.2,157.7,Fall
1996-10-01,200509,53450,5779,6428,15040,33704,9363,16360,11577,4769,26904,7110,10025,20551,8250.675,12038.951,5.2,158.2,Fall
1996-11-01,200174,52710,5768,6356,15264,33734,9414,16602,11318,4692,26772,7154,10390,20789,8281.815,12061.709,5.4,158.7,Fall
1996-12-01,201284,52835,5746,6305,14980,33819,9505,16759,11435,4940,27051,7144,10765,20707,8246.823,12013.992,5.4,159.1,Winter
1997-01-01,202371,54010,5823,6128,15197,34049,9448,16938,11513,4748,27216,7295,10006,21110,8308.873,12085.304,5.3,159.4,Winter
1997-02-01,204286,54601,5847,6370,15561,33989,9649,16984,11468,4666,27262,7539,10350,21136,8385.604,12170.657,5.2,159.7,Winter
1997-03-01,204990,54233,5916,6360,15862,34156,9922,16969,11623,4698,27304,7459,10488,21171,8393.487,12091.729,5.2,159.8,Spring
1997-04-01,203399,53861,5968,6456,15709,34056,9578,16613,11195,4725,27179,7417,10642,21216,8511.35,12359.84,5.1,159.9,Spring
1997-05-01,201699,52191,6004,6400,15805,33978,9722,16367,11413,4763,27328,7181,10547,21230,8476.525,12240.832,4.9,159.9,Spring
1997-06-01,204675,54066,6034,6440,15918,33892,9916,16378,11643,4838,27433,7474,10643,21382,8568.601,12352.241,5.0,160.2,Summer
1997-07-01,207014,55255,6039,6525,15973,34106,9950,16396,11735,4786,27949,7464,10836,21689,8620.36,12449.681,4.9,160.4,Summer
1997-08-01,207635,55488,6146,6541,16027,34256,9989,16682,11828,4745,27939,7562,10432,21674,8655.677,12482.028,4.8,160.8,Summer
1997-09-01,208326,55334,6162,6559,16283,34281,10077,16757,11845,4827,27868,7664,10669,21986,8712.432,12482.596,4.9,161.2,Fall
1997-10-01,208078,54856,6154,6572,16232,34348,10058,16711,11881,4878,28155,7704,10529,21758,8748.293,12563.104,4.7,161.5,Fall
1997-11-01,208936,55314,6267,6628,16158,34230,10217,16638,11936,5015,28151,7707,10675,21504,8736.397,12535.863,4.6,161.7,Fall
1997-12-01,209363,55763,6290,6659,16356,34190,10201,16536,12110,4915,28008,7845,10490,21818,8813.031,12634.746,4.7,161.8,Winter
1998-01-01,209666,55494,6377,6776,16436,34126,10382,16225,12154,4834,28402,8070,10390,21921,8772.683,12571.161,4.6,162.0,Winter
1998-02-01,209552,54841,6342,6797,16462,34102,10406,16054,12199,5027,28748,7948,10626,22132,8894.562,12753.697,4.6,162.0,Winter
1998-03-01,210832,56135,6340,6788,16511,34275,10393,15703,12164,5008,28714,7957,10844,22251,8932.195,12787.505,4.7,162.0,Spring
1998-04-01,213633,57464,6369,6766,16716,34374,10620,15798,12459,5036,29123,7916,10992,22353,8925.485,12761.56,4.3,162.2,Spring
1998-05-01,214639,57882,6359,6829,16741,34534,10645,16057,12304,4986,29076,8037,11189,22436,8953.153,12795.018,4.4,162.6,Spring
1998-06-01,216337,59264,6426,6921,16662,34592,10672,15933,12447,5083,29170,8064,11103,22634,9030.459,12908.334,4.5,162.8,Summer
1998-07-01,214841,56320,6447,6960,16819,34856,10828,16087,12559,5032,29113,8240,11580,22570,9049.668,12879.558,4.5,163.2,Summer
1998-08-01,213636,54997,6444,7047,16828,34950,11019,15851,12460,5057,29274,8334,11375,22743,9100.806,12947.892,4.5,163.4,Summer
1998-09-01,215720,57196,6419,6954,16972,34916,10985,15812,12180,5047,29559,8378,11302,22830,9212.816,13121.466,4.6,163.5,Fall
1998-10-01,219483,59294,6504,6940,17209,35093,11106,15948,12540,5108,29720,8444,11577,23066,9266.812,13165.882,4.5,163.9,Fall
1998-11-01,221134,59817,6666,7000,17341,35140,11232,16014,12736,5093,30094,8448,11553,23157,9307.052,13218.802,4.4,164.1,Fall
1998-12-01,223179,60473,6687,6964,17702,35533,11311,16399,12746,5154,30129,8622,11459,23351,9308.109,13190.955,4.4,164.4,Winter
1999-01-01,223997,60535,6617,7000,17732,35447,11415,16394,12897,5122,30664,8454,11720,22871,9357.805,13223.696,4.3,164.7,Winter
1999-02-01,226250,61260,6767,7024,17943,35707,11498,16309,12920,5292,31094,8615,11821,23270,9410.995,13327.555,4.4,164.7,Winter
1999-03-01,227417,61641,6831,7116,17760,35652,11595,16529,13075,5273,31390,8503,12052,23250,9466.246,13396.194,4.2,164.8,Spring
1999-04-01,229037,62150,6794,7195,17791,36013,11619,17115,13139,5277,31009,8590,12345,23440,9496.05,13396.383,4.3,165.9,Spring
1999-05-01,231235,63211,6884,7230,17914,36060,11741,17186,13373,5328,31165,8585,12558,23500,9536.808,13442.849,4.2,166.0,Spring
1999-06-01,231903,63452,6986,7286,17969,35872,11837,17070,13373,5367,31652,8481,12558,23546,9545.772,13441.748,4.3,166.0,Summer
1999-07-01,233948,64509,6954,7378,18183,36126,11857,17704,13270,5326,31549,8350,12742,23508,9659.091,13562.38,4.3,166.7,Summer
1999-08-01,236566,65713,7147,7281,18341,36117,11848,18135,13404,5290,31806,8519,12965,23664,9660.704,13601.751,4.2,167.1,Summer
1999-09-01,237481,65150,7292,7410,18175,36411,11993,18339,13381,5385,32152,8597,13196,23836,9740.083,13650.86,4.2,167.8,Fall
1999-10-01,237553,64519,7324,7400,18606,36271,12155,18632,13400,5373,32085,8661,13127,24265,9819.718,13720.485,4.1,168.1,Fall
1999-11-01,240544,66269,7272,7350,18944,36300,12258,18992,13416,5414,32161,9058,13110,24421,9890.746,13811.967,4.1,168.4,Fall
1999-12-01,245485,65909,7246,7498,19125,37665,12801,20095,13573,5455,33101,9489,13528,24378,9990.043,13951.839,4.0,168.8,Winter
2000-01-01,243436,67679,7484,7605,19613,35613,12381,19358,13301,5232,32179,9136,13855,24608,9924.271,13812.356,4.0,169.3,Winter
2000-02-01,247133,69085,7548,7674,19193,35980,12386,20214,13532,5541,32576,9163,14241,24887,9995.326,13871.503,4.1,170.0,Winter
2000-03-01,249825,68433,7599,7652,20175,36559,12580,20819,13818,5635,33105,9189,14261,25367,10086.94,13951.056,4.0,171.0,Spring
2000-04-01,245831,65812,7729,7813,18986,37008,12733,19907,13801,5649,32879,9056,14458,25215,10224.812,14133.179,3.8,170.9,Spring
2000-05-01,246201,65781,7673,7611,18941,36717,12814,20242,14027,5757,33339,8760,14539,25193,10232.053,14113.444,4.0,171.2,Spring
2000-06-01,248160,66638,7593,7435,18878,37175,12864,20885,13864,5686,33408,8785,14949,25262,10286.295,14146.45,4.0,172.2,Summer
2000-07-01,247176,65205,7748,7397,18982,37038,12967,20905,13722,5800,33586,8789,15037,25454,10234.189,14056.702,4.0,172.7,Summer
2000-08-01,247576,65311,7682,7440,18951,37110,13034,20574,14072,5633,33823,8666,15280,25342,10336.074,14171.449,4.1,172.7,Summer
2000-09-01,251837,66850,7665,7588,18926,37308,13233,21327,14366,5728,34146,8925,15775,25711,10384.232,14208.02,3.9,173.6,Fall
2000-10-01,251221,66208,7737,7416,18965,37476,13302,21412,14231,5626,34280,8870,15698,25706,10435.244,14247.139,3.9,173.9,Fall
2000-11-01,250331,64645,7580,7392,18689,37700,13340,21906,14294,5615,34458,8829,15883,25698,10445.448,14232.528,3.9,174.2,Fall
2000-12-01,250658,63524,7160,7346,19356,38033,13527,22124,14084,5601,34734,8631,16538,25133,10426.54,14210.552,3.9,174.6,Winter
2001-01-01,252654,65926,7764,7376,19248,37903,13413,21931,14135,5386,35601,8466,15505,26180,10467.689,14214.496,4.2,175.6,Winter
2001-02-01,252704,66188,7611,7334,19698,38252,13582,21615,14166,5715,34655,8665,15223,26069,10462.995,14185.267,4.2,176.0,Winter
2001-03-01,250328,65671,7549,7267,19562,38133,13650,20652,13801,5723,34069,8897,15354,26122,10480.009,14151.025,4.3,176.1,Spring
2001-04-01,254763,66933,7560,7212,20373,38369,13643,21618,14217,5658,35364,8527,15289,26045,10565.35,14259.754,4.4,176.4,Spring
2001-05-01,255218,67039,7559,7135,20147,38439,13812,22628,13950,5679,35202,8752,14876,26278,10639.985,14328.003,4.3,177.3,Spring
2001-06-01,254022,66710,7613,7246,19900,38569,13843,21928,13804,5621,35114,8693,14981,26379,10591.666,14228.875,4.5,177.7,Summer
2001-07-01,252997,66067,7671,7298,19838,38506,13879,20686,13994,5703,35720,8671,14964,26507,10585.078,14183.219,4.6,177.4,Summer
2001-08-01,254560,66350,7628,7276,19920,38738,14004,20878,14171,5775,35915,8691,15214,26853,10699.269,14347.258,4.9,177.4,Summer
2001-09-01,249845,63929,7419,7141,19664,38832,13894,21336,13286,5672,35822,8377,14473,26239,10509.714,14114.504,5.0,178.1,Fall
2001-10-01,267999,80455,7543,7237,20054,38944,14298,20033,13973,5798,36229,8456,14979,26541,10639.81,14235.187,5.3,177.6,Fall
2001-11-01,260514,72413,7694,7662,19982,39161,14280,19245,13970,6066,36656,8548,14837,26597,10587.653,14159.353,5.5,177.5,Fall
2001-12-01,256549,68220,7869,7825,20120,38996,14350,18950,14126,5797,37054,8432,14810,27156,10753.932,14367.946,5.7,177.4,Winter
2002-01-01,256307,67665,7847,7604,20359,38833,14525,19130,14220,5775,36811,8447,15091,27201,10786.862,14408.64,5.7,177.7,Winter
2002-02-01,257670,68168,7932,7643,20515,38885,14747,19068,14357,5711,36974,8616,15054,27384,10748.914,14322.707,5.7,178.0,Winter
2002-03-01,257059,66570,7936,7690,20370,38913,14745,19813,14436,5717,37144,8380,15345,27203,10814.724,14388.84,5.7,178.5,Spring
2002-04-01,261333,68251,7874,7616,21274,38568,14940,20856,14410,5799,37491,8579,15675,27500,10858.45,14444.878,5.9,179.3,Spring
2002-05-01,257573,65062,7959,7678,20874,38713,14903,20930,14220,5731,37114,8539,15850,27378,10870.043,14442.497,5.8,179.5,Spring
2002-06-01,259786,67354,7831,7656,20725,38723,14947,20733,14366,5670,37417,8639,15725,27586,10933.887,14496.974,5.8,179.6,Summer
2002-07-01,262769,69944,7741,7543,20674,38834,15004,21438,14200,5666,37132,8575,16018,27616,11001.831,14575.244,5.8,180.0,Summer
2002-08-01,265043,72204,7837,7520,20683,38647,15120,21182,14338,5689,37202,8740,15881,27607,10952.337,14491.448,5.7,180.5,Summer
2002-09-01,260626,68066,7832,7511,20732,38599,15288,21272,13966,5852,37059,8724,15725,27784,10997.952,14493.767,5.7,180.8,Fall
2002-10-01,261953,67553,7789,7522,20603,38693,15298,21659,14625,5839,37816,8579,15977,27623,10999.072,14481.084,5.7,181.2,Fall
2002-11-01,263568,67931,7963,7545,20969,38886,15348,22009,14456,5985,37698,8362,16416,27916,11053.243,14523.644,5.9,181.5,Fall
2002-12-01,265930,69794,7927,7660,20415,39072,15293,22464,14714,5809,37716,8569,16497,28017,11131.984,14609.334,6.0,181.8,Winter
2003-01-01,267230,69673,7824,7439,21270,39412,15441,23073,14565,5794,37740,8565,16434,28018,11135.827,14595.876,5.8,182.6,Winter
2003-02-01,263188,66535,7501,7354,20041,39285,15534,23885,14142,5576,38030,8372,16933,27979,11210.366,14652.408,5.9,183.6,Winter
2003-03-01,267820,68628,7854,7364,21326,39318,15677,23968,14465,5660,38391,8405,16764,28505,11176.194,14595.673,5.9,183.9,Spring
2003-04-01,267197,69580,7895,7440,21139,39441,15705,22581,14434,5709,38321,8359,16593,28403,11256.987,14673.523,6.0,183.2,Spring
2003-05-01,267362,69660,8062,7563,21328,39019,15791,21810,14651,5748,38483,8525,16722,29048,11275.207,14690.089,6.1,182.9,Spring
2003-06-01,270396,70325,8084,7650,22003,39480,15934,21777,14894,5908,38866,8537,16938,29230,11406.103,14869.001,6.3,183.1,Summer
2003-07-01,273352,71049,8115,7731,22372,39808,16182,22196,15141,5808,39404,8497,17049,29395,11468.596,14910.22,6.2,183.7,Summer
2003-08-01,277965,72919,8156,7914,22489,39833,16345,23073,15089,6132,40085,8618,17312,29844,11567.5,14985.294,6.1,184.5,Summer
2003-09-01,276430,71184,8214,7909,22630,39878,16339,23214,15175,5954,39896,8442,17595,29503,11663.911,15072.817,6.1,185.1,Fall
2003-10-01,274764,69817,8244,7984,22869,39776,16434,22714,15067,5841,39649,8591,17778,30045,11699.77,15093.027,6.0,184.9,Fall
2003-11-01,278298,71738,8358,8030,22864,39631,16500,23472,15338,6011,39945,8530,17881,30229,11786.116,15181.942,5.8,185.0,Fall
2003-12-01,277612,70103,8312,8127,22748,39809,16648,23994,15456,6013,40084,8576,17742,29795,11830.817,15215.24,5.7,185.5,Winter
2004-01-01,278913,69270,8307,8104,22637,40443,16287,24889,15513,6087,40436,8665,18275,30341,11805.938,15134.365,5.7,186.3,Winter
2004-02-01,280932,71093,8375,8080,22727,39922,16133,25256,15687,6093,40519,8481,18566,30461,11926.51,15258.471,5.6,186.7,Winter
2004-03-01,286209,72137,8585,8117,24992,40419,16526,25679,15984,6067,41079,8552,18072,30703,12037.893,15355.141,5.8,187.1,Spring
2004-04-01,282952,69960,8519,8218,24565,40399,16476,25518,15567,5941,40662,8685,18442,30560,12036.119,15311.352,5.6,187.4,Spring
2004-05-01,288252,72821,8389,8241,24420,40635,16462,27011,15736,5985,41332,8869,18351,30712,12175.735,15446.431,5.6,188.2,Spring
2004-06-01,284133,68991,8572,8297,24622,40608,16570,27050,15555,6017,40756,8446,18649,30825,12126.591,15344.786,5.6,188.9,Summer
2004-07-01,287358,71238,8868,8337,24538,40631,16554,26745,15645,6124,41197,8554,18927,31191,12279.383,15482.646,5.5,189.1,Summer
2004-08-01,287941,71365,8675,8335,24713,40771,16610,26552,15660,6192,41323,8567,19178,31036,12300.525,15520.982,5.4,189.2,Summer
2004-09-01,293139,74729,8604,8422,25045,41045,16635,27161,15764,6111,41555,8596,19472,31430,12336.013,15536.281,5.4,189.8,Fall
2004-10-01,295115,73858,8806,8494,24842,41177,16739,28656,16055,6094,42042,8677,19675,31625,12471.397,15653.431,5.5,190.8,Fall
2004-11-01,296177,73407,8722,8479,24974,41404,16813,29349,16044,6140,42179,8877,19789,31659,12514.854,15649.558,5.4,191.7,Fall
2004-12-01,299763,75387,8905,8513,25679,41534,16882,29046,16183,6122,42656,8914,19942,32111,12595.391,15711.708,5.4,191.7,Winter
2005-01-01,296696,72083,8856,8555,26126,41691,17116,28375,16125,6192,42556,8784,20237,32000,12747.95,15854.693,5.3,191.6,Winter
2005-02-01,300557,73773,8908,8765,25797,41757,17292,29015,16674,6269,43183,8949,20175,32469,12751.102,15826.076,5.4,192.4,Winter
2005-03-01,301308,74147,8840,8784,26219,41800,17245,29498,16293,6137,42949,8890,20506,32273,12802.805,15855.512,5.2,193.1,Spring
2005-04-01,303760,73649,8994,8820,26520,42283,17350,30009,16636,6318,43601,8839,20741,32823,12859.289,15896.684,5.2,193.7,Spring
2005-05-01,301776,73225,8963,8775,26510,42081,17413,29140,16514,6232,43423,8932,20568,32746,12881.91,15863.331,5.1,193.6,Spring
2005-06-01,310989,79639,9093,8828,26569,42363,17392,29889,16824,6135,44354,8879,21024,33009,13026.769,16010.338,5.0,193.7,Summer
2005-07-01,313520,81605,9084,8877,26538,42184,17635,30976,16450,6239,44017,8927,20988,33056,13096.068,16037.217,5.0,194.9,Summer
2005-08-01,310046,73787,9193,8868,26814,42542,17548,33399,16759,6274,44214,8881,21767,33261,13153.224,16078.089,4.9,196.1,Summer
2005-09-01,310673,70627,9244,8955,27111,42845,17707,36116,16450,6155,44502,9010,21951,33283,13178.634,16029.507,5.0,198.8,Fall
2005-10-01,310479,67853,9315,9047,27664,42842,17742,35911,17120,6377,45267,9086,22255,33618,13235.119,16064.157,5.0,199.1,Fall
2005-11-01,313303,73211,9319,8965,27674,42823,17859,33185,17142,6287,45226,9151,22461,34022,13300.274,16112.885,5.0,198.1,Fall
2005-12-01,313473,73332,9260,8889,27324,43191,18005,33154,17207,6462,44778,9044,22827,33932,13437.219,16235.172,4.9,198.1,Winter
2006-01-01,322348,76757,9561,9395,29686,42681,18000,34298,17331,6735,45710,9620,22574,34983,13517.442,16315.467,4.7,199.3,Winter
2006-02-01,320171,74108,9439,9101,29479,43379,18124,34174,17384,6629,45774,9512,23068,34535,13569.273,16307.716,4.8,199.4,Winter
2006-03-01,320869,74609,9431,9185,29289,43233,18222,34195,17385,6610,45635,9398,23677,34796,13710.765,16440.284,4.7,199.7,Spring
2006-04-01,322561,74898,9402,9165,28905,43269,18294,35646,17542,6580,46048,9507,23305,34862,13694.96,16369.966,4.7,200.7,Spring
2006-05-01,321794,74081,9368,9132,27864,43654,18466,36159,17492,6503,45806,9475,23794,34910,13782.615,16416.926,4.6,201.3,Spring
2006-06-01,323184,75369,9485,9130,27339,43782,18584,36228,17701,6524,45956,9324,23762,34695,13782.697,16403.638,4.6,201.8,Summer
2006-07-01,324204,75964,9442,9126,27327,43827,18640,36963,17691,6461,45838,9287,23638,34802,13791.16,16365.768,4.7,202.9,Summer
2006-08-01,325324,75187,9422,9124,27358,44160,18757,37696,17635,6412,46043,9305,24225,35367,13885.301,16421.562,4.7,203.8,Summer
2006-09-01,323236,74579,9549,9158,26994,43846,18933,34935,18256,6690,46712,9378,24206,35725,13934.103,16477.069,4.5,202.8,Fall
2006-10-01,322678,75447,9375,8953,27161,44542,19044,32912,18126,6589,46679,9501,24349,35784,13967.051,16489.366,4.4,201.9,Fall
2006-11-01,323343,76064,9311,9158,26647,44572,19276,33322,17910,6461,46800,9563,24259,35923,14059.551,16600.848,4.5,202.0,Fall
2006-12-01,326849,75438,9334,9478,27100,44730,19385,34895,18497,6566,47344,9876,24206,36881,14092.078,16597.591,4.4,203.1,Winter
2007-01-01,327181,75399,9609,9229,27533,44856,19423,34244,18493,6489,48034,9629,24243,36435,14134.068,16578.47,4.6,203.437,Winter
2007-02-01,327953,75841,9369,9123,27088,45274,19401,34932,18144,6494,47293,9489,25505,36053,14286.518,16680.77,4.5,204.226,Winter
2007-03-01,330579,75472,9406,9026,27506,45271,19540,35999,18643,6779,48132,9771,25034,36579,14226.367,16577.915,4.4,205.288,Spring
2007-04-01,329560,76205,9430,9008,26610,44988,19572,36350,18189,6640,47679,9586,25303,36627,14362.629,16711.327,4.5,205.904,Spring
2007-05-01,334202,77186,9331,9090,27144,45454,19650,37996,18545,6805,47887,9843,25271,36732,14401.012,16701.737,4.4,206.755,Spring
2007-06-01,331076,74794,9264,9023,26638,45627,19880,37310,18388,6850,47852,9988,25462,37078,14442.605,16728.745,4.6,207.234,Summer
2007-07-01,332342,74932,9315,9088,26860,45754,19831,36963,18522,6936,48412,9759,25970,37272,14422.446,16669.367,4.7,207.603,Summer
2007-08-01,334169,76549,9300,9274,26625,45643,20014,37223,18491,6780,48704,9740,25826,37189,14601.565,16867.799,4.6,207.667,Summer
2007-09-01,335442,77176,9141,9174,26412,45853,20132,38210,18412,6749,48288,9783,26112,37427,14668.341,16893.387,4.7,208.547,Fall
2007-10-01,337530,77617,9142,9293,26248,46113,19988,39307,18431,6834,48540,9620,26397,37759,14663.958,16878.239,4.7,209.19,Fall
2007-11-01,341133,75921,9094,9562,26566,46624,19938,41985,18759,6940,49047,9632,27065,37727,14715.623,16898.618,4.7,210.834,Fall
2007-12-01,336189,73345,9009,9368,25634,46831,19825,41593,18570,6756,49302,9688,26268,38109,14765.593,16970.456,5.0,211.445,Winter
2008-01-01,337412,73834,8873,9175,25721,46862,20120,42423,18542,6818,48951,10074,26019,37824,14801.299,16990.515,5.0,212.174,Winter
2008-02-01,334584,72206,8594,9196,25659,46707,20279,42504,18280,6751,48927,9380,26101,37249,14627.522,16753.932,4.9,212.687,Winter
2008-03-01,335193,71774,8631,9171,25456,46883,20288,43044,18338,6733,48990,9355,26530,37552,14690.793,16786.521,5.1,213.448,Spring
2008-04-01,334843,70052,8606,9286,25292,47356,20172,42933,18384,6809,49433,9277,27243,37729,14757.412,16846.195,5.0,213.942,Spring
2008-05-01,337947,69143,8587,9530,25650,47355,20536,44344,18642,6949,50375,9310,27526,38089,14802.357,16891.097,5.4,215.208,Spring
2008-06-01,338311,67161,8473,9305,25700,47568,20497,46547,18708,6879,50762,9308,27403,38144,15037.334,17094.032,5.6,217.463,Summer
2008-07-01,336771,64397,8369,9329,25897,47845,20640,46813,18635,6858,50582,9583,27823,38267,14972.328,16971.781,5.8,219.016,Summer
2008-08-01,334045,64985,8154,9201,25329,47988,20620,45645,18524,6931,50131,9163,27374,38239,14917.182,16891.626,6.1,218.69,Summer
2008-09-01,328343,62549,7722,8814,25217,47740,20654,45777,17560,6536,49436,9080,27258,38386,14807.488,16701.057,6.1,218.877,Fall
2008-10-01,314830,56599,7735,8732,24568,47703,20659,40584,17317,6426,49260,8914,26333,38120,14694.566,16566.776,6.5,216.995,Fall
2008-11-01,301332,54984,7640,8737,23196,47363,20789,31776,17173,6431,49464,8630,25149,38018,14700.089,16587.092,6.8,213.153,Fall
2008-12-01,294025,54123,7460,8351,22909,46942,20682,27999,16868,6470,48906,8564,24751,38066,14429.972,16303.371,7.3,211.398,Winter
2009-01-01,298673,55790,7363,8884,22758,47639,20753,28818,17159,6661,49288,8511,25049,38256,14481.051,16350.238,7.8,211.933,Winter
2009-02-01,297631,54188,7285,8844,22498,46928,20906,29860,17401,6535,49199,8746,25241,37945,14442.867,16289.993,8.3,212.705,Winter
2009-03-01,292300,53100,7041,8099,22149,46912,20908,28825,16510,6360,48840,8615,24941,37447,14368.788,16255.399,8.7,212.495,Spring
2009-04-01,293614,53557,7067,8049,22092,47133,21059,28747,16900,6514,48887,8677,24932,37738,14360.308,16253.97,9.0,212.709,Spring
2009-05-01,296501,54089,7087,8026,22310,47219,21121,30488,17038,6453,49085,8426,25159,37755,14377.739,16278.611,9.4,213.022,Spring
2009-06-01,302169,56611,7092,8039,22332,47350,21055,33375,16817,6473,48792,8465,25768,37714,14405.661,16275.541,9.5,214.79,Summer
2009-07-01,302802,57748,7039,7965,21883,47330,21027,33066,17015,6455,48812,8352,26110,37715,14376.254,16261.711,9.5,214.726,Summer
2009-08-01,309023,62263,6991,8000,21474,47309,21070,34658,17233,6628,48934,8313,26150,37645,14480.496,16349.085,9.6,215.445,Summer
2009-09-01,301033,53534,6981,7965,21363,47559,21231,34800,17172,6484,49220,8385,26339,37474,14489.896,16368.856,9.8,215.861,Fall
2009-10-01,304154,56469,6915,7920,20661,47603,21278,34885,17296,6408,49725,8360,26634,37500,14693.455,16570.259,10.0,216.509,Fall
2009-11-01,306675,57355,6991,8208,20931,47689,21288,36573,17105,6307,49156,8406,26666,37700,14665.263,16512.613,9.9,217.234,Fall
2009-12-01,308413,57079,7024,8068,20849,48134,21195,37182,17127,6523,49657,8591,26984,37659,14595.029,16426.198,9.9,217.347,Winter
2010-01-01,308229,56798,7003,8223,20557,47878,21187,37399,17356,6507,49782,8367,27172,37660,14707.265,16526.062,9.8,217.488,Winter
2010-02-01,308457,55803,7131,8491,20448,48699,21199,36950,17402,6412,50490,8249,27183,38267,14735.244,16560.968,9.8,217.281,Winter
2010-03-01,315743,60855,7242,8139,21870,48269,21343,37160,17909,6515,50017,8663,27761,38376,14851.322,16661.617,9.9,217.353,Spring
2010-04-01,318696,61810,7128,8270,23552,48221,21471,37182,17728,6409,50636,8607,27682,38658,14946.062,16725.255,9.9,217.403,Spring
2010-05-01,315409,61577,7110,8384,21727,48153,21399,36640,17667,6488,49967,8626,27671,38659,14956.503,16714.287,9.6,217.29,Spring
2010-06-01,314770,61419,7079,8483,21518,47864,21661,35642,17487,6497,49950,8796,28374,38877,15038.014,16790.672,9.4,217.199,Summer
2010-07-01,315684,62673,7094,8361,21481,47961,21755,35797,17579,6516,49857,8612,27998,39033,15111.839,16866.318,9.4,217.605,Summer
2010-08-01,317008,62592,7123,8320,21258,48260,21863,36155,17636,6441,50063,8643,28654,39440,15108.564,16835.08,9.5,217.923,Summer
2010-09-01,320014,63267,7108,8402,21358,48679,21888,37319,17709,6455,50208,8766,28855,39345,15204.419,16916.029,9.5,218.275,Fall
2010-10-01,323990,64916,7032,8265,22055,48574,22105,38480,18015,6579,50204,8930,28835,39479,15287.423,16965.411,9.4,219.035,Fall
2010-11-01,327341,65373,7098,8093,21934,49175,22180,39272,18413,6755,51308,8894,28846,39710,15264.358,16904.012,9.8,219.59,Fall
2010-12-01,329670,65296,7057,8269,22171,49183,22272,41279,18194,6588,50902,8897,29562,39469,15376.641,17013.823,9.3,220.472,Winter
2011-01-01,332141,66225,6984,8236,21483,49626,22695,41824,18371,6558,50834,8818,30487,39700,15257.725,16865.343,9.1,221.187,Winter
2011-02-01,334635,67320,7145,8356,21202,50064,22428,42294,18588,6611,51466,9122,30039,40382,15282.896,16841.056,9.0,221.898,Winter
2011-03-01,337892,67581,7426,8468,21868,50080,22563,43780,18707,6552,51622,8844,30401,40614,15513.723,17056.055,9.0,223.046,Spring
2011-04-01,339711,66704,7313,8529,22053,50840,22448,44648,18969,6615,51916,9057,30619,40624,15584.444,17097.448,9.1,224.093,Spring
2011-05-01,338974,65848,7245,8407,22306,50423,22608,45258,18814,6535,51680,8970,30880,41050,15567.134,17037.902,9.0,224.806,Spring
2011-06-01,341643,66774,7234,8439,22731,50945,22607,44614,19206,6578,52404,9060,31051,41499,15521.039,16970.7,9.1,224.806,Summer
2011-07-01,341321,66536,7263,8548,22763,50946,22728,44796,19009,6469,52037,9167,31059,41516,15615.925,17025.581,9.0,225.395,Summer
2011-08-01,341973,65805,7326,8615,22771,51177,22822,45075,18912,6650,52084,9225,31511,41718,15716.16,17097.181,9.0,226.106,Summer
2011-09-01,345554,68873,7391,8465,22636,51099,22718,45082,19502,6686,52484,9161,31457,42013,15610.956,16971.891,9.0,226.597,Fall
2011-10-01,347691,69886,7295,8825,23240,51276,22830,44801,19138,6597,52411,9066,32326,42162,15858.163,17256.9,8.8,226.75,Fall
2011-11-01,349082,70223,7385,8638,22924,51364,22735,45622,19290,6588,52635,9045,32633,42192,15837.891,17204.125,8.6,227.169,Fall
2011-12-01,349646,71485,7512,8456,23447,51266,22677,45339,19500,6353,52404,8882,32325,41864,15830.723,17207.486,8.5,227.223,Winter
2012-01-01,352564,71720,7646,8504,23625,51535,22973,45702,19567,6568,53057,9310,32357,42905,15935.08,17264.551,8.3,227.842,Winter
2012-02-01,357350,72665,7627,8547,23608,51658,22976,47171,20287,6675,53905,9416,32815,42950,16212.738,17511.975,8.3,228.329,Winter
2012-03-01,358627,72592,7602,8707,24591,52159,22967,47541,20085,6808,53635,9179,32761,42942,16058.597,17325.024,8.2,228.807,Spring
2012-04-01,356607,72937,7502,8569,23430,52248,23045,46960,19557,6827,53229,9199,33104,43365,16179.957,17412.941,8.2,229.187,Spring
2012-05-01,355867,73646,7660,8713,22721,52281,22883,45766,19627,6862,53106,8895,33707,43313,16221.658,17473.225,8.2,228.713,Spring
2012-06-01,352053,72386,7544,8640,22532,52251,22471,43769,19874,6804,53108,9077,33597,43542,16219.73,17447.99,8.2,228.524,Summer
2012-07-01,353688,73190,7658,8741,22678,52231,22793,43443,19691,6805,53207,9177,34074,43719,16319.275,17517.917,8.2,228.59,Summer
2012-08-01,358499,73982,7600,8638,23123,52364,22741,46391,19987,6750,53527,9085,34311,43712,16274.327,17414.972,8.1,229.918,Summer
2012-09-01,361272,75203,7606,8628,23637,52492,22608,47107,20111,6713,53413,9110,34644,44085,16365.021,17476.741,7.8,231.015,Fall
2012-10-01,361685,74820,7416,8350,23804,52805,22504,47976,19911,6742,53613,9153,34591,43752,16337.827,17408.267,7.8,231.638,Fall
2012-11-01,362788,75831,7634,8660,24167,52717,22661,46773,19978,6700,53444,9089,35134,44520,16404.598,17484.552,7.7,231.249,Fall
2012-12-01,364127,76795,7931,8811,24110,52693,22898,45886,20191,6824,53609,9317,35062,44538,16518.832,17577.472,7.9,231.221,Winter
2013-01-01,366967,77715,7932,8801,24384,52654,23140,45993,20431,7004,54067,9233,35613,45148,16678.23,17719.665,8.0,231.679,Winter
2013-02-01,372138,78829,7871,8863,24760,53279,22975,49044,20306,7013,54485,9286,35427,44875,16603.25,17601.623,7.7,232.937,Winter
2013-03-01,368962,78041,7869,8613,24698,53100,23002,47585,20354,6907,54140,9397,35256,45062,16663.087,17666.597,7.5,232.282,Spring
2013-04-01,367040,78269,7837,8656,24783,52730,22896,46165,20464,6767,54122,9303,35048,44730,16682.505,17699.113,7.6,231.797,Spring
2013-05-01,369500,79808,7768,8651,25360,53256,22985,45589,20410,6857,54457,9326,35033,44825,16663.631,17648.556,7.5,231.893,Spring
2013-06-01,370730,81348,7989,8664,24792,53162,22956,45823,20363,6906,54396,9169,35162,44712,16839.925,17782.029,7.5,232.445,Summer
2013-07-01,373090,81672,7966,8594,25356,53569,23213,46000,20558,6931,54578,9205,35448,45020,16881.613,17803.636,7.3,232.9,Summer
2013-08-01,372210,81334,8030,8588,25295,53742,23199,45673,20327,6766,54366,9304,35586,45167,16986.52,17894.736,7.2,233.456,Summer
2013-09-01,372302,80230,8087,8522,25276,53812,23611,45698,20307,6872,54855,9496,35536,45352,16993.381,17883.668,7.2,233.544,Fall
2013-10-01,373253,81521,8199,8630,24904,53937,23625,44982,20742,6858,54892,9481,35482,45994,17117.005,17984.968,7.2,233.669,Fall
2013-11-01,373756,81860,8234,8550,24833,54062,23639,44810,20267,6897,54753,9544,36307,46757,17221.942,18055.047,6.9,234.1,Fall
2013-12-01,376445,81506,7957,8451,24955,54548,23677,46613,20497,6861,54634,9382,37364,46349,17237.111,18009.073,6.7,234.719,Winter
2014-01-01,373083,79154,7826,8495,24927,54795,23634,47126,20538,6477,54548,9249,36314,45932,17136.285,17898.264,6.6,235.288,Winter
2014-02-01,378355,81608,8120,8521,24832,54807,23761,47513,20525,6792,55363,9383,37130,46438,17215.486,17986.909,6.7,235.547,Winter
2014-03-01,382101,84412,8245,8556,25281,54834,23907,46860,20666,6785,55523,9451,37581,47031,17241.443,17977.417,6.7,236.028,Spring
2014-04-01,386376,85859,8375,8532,26134,55271,24106,47078,21127,6891,55900,9376,37727,47154,17404.014,18109.018,6.2,236.468,Spring
2014-05-01,386735,85958,8348,8406,26424,55453,24458,46822,20759,6863,55951,9534,37759,47513,17542.869,18200.114,6.3,236.918,Spring
2014-06-01,387708,86277,8362,8321,26635,55896,24627,45730,20800,6950,55922,9584,38604,47730,17608.641,18249.267,6.1,237.231,Summer
2014-07-01,388043,86649,8391,8403,26107,56138,24637,45762,20882,6927,56035,9622,38490,48107,17749.4,18363.794,6.2,237.498,Summer
2014-08-01,391074,87425,8520,8469,26611,56298,24743,45903,21042,7178,56263,9742,38880,48444,17860.95,18466.665,6.1,237.46,Summer
2014-09-01,389456,86479,8462,8634,26511,56460,24850,45430,20764,7048,56111,9724,38983,49003,17802.334,18391.047,5.9,237.477,Fall
2014-10-01,390413,86899,8485,8592,26528,56768,24763,44500,21132,7165,56274,9896,39411,49682,17906.109,18495.046,5.7,237.43,Fall
2014-11-01,391491,87888,8580,8904,26630,56754,24872,43584,21344,7146,56338,9828,39623,49758,17926.497,18509.819,5.8,236.983,Fall
2014-12-01,388012,87457,8721,8761,26311,57054,25015,40489,21239,7069,56388,9795,39713,50497,17903.631,18495.81,5.6,236.252,Winter
2015-01-01,385312,88582,8692,8619,26522,57106,25208,36614,21031,6939,56447,9849,39703,50813,18002.955,18652.508,5.7,234.747,Winter
2015-02-01,384779,87353,8506,8488,25579,57183,25005,37844,21284,6985,56120,9762,40670,50671,18122.567,18729.565,5.5,235.342,Winter
2015-03-01,390738,91134,8774,8266,26511,57165,25538,38365,21331,7073,56294,9733,40554,51157,18065.066,18618.309,5.4,235.976,Spring
2015-04-01,391246,91852,8885,8391,26765,57083,25111,37782,21430,7084,56278,9790,40795,51721,18243.274,18784.82,5.4,236.222,Spring
2015-05-01,394260,92470,9060,8432,26809,57101,25081,39293,21590,7139,56700,9997,40588,51854,18256.753,18749.045,5.6,237.001,Spring
2015-06-01,394652,92398,8895,8505,26552,57341,25261,39835,21313,7077,56555,10026,40894,51920,18339.324,18813.268,5.3,237.657,Summer
2015-07-01,397994,92667,9065,8351,27416,57566,25474,40313,21562,7136,56896,10053,41495,52149,18368.13,18820.538,5.2,238.034,Summer
2015-08-01,397712,93213,9079,8354,27425,57525,25695,39175,21588,7175,56923,10147,41413,52456,18379.862,18831.586,5.1,238.033,Summer
2015-09-01,395625,93693,9066,8369,27237,57387,25902,36902,21387,7203,56878,9713,41888,52465,18456.886,18920.52,5.0,237.498,Fall
2015-10-01,394121,92897,9165,8273,27360,57182,25750,36547,21245,7097,56793,9717,42095,52784,18469.416,18917.436,5.0,237.733,Fall
2015-11-01,395827,94026,9155,8205,27639,57524,25883,36076,21288,7198,57007,9848,41978,52911,18387.708,18837.534,5.1,238.017,Fall
2015-12-01,396822,93582,9368,8121,28190,57407,26124,35920,21439,7344,57303,9765,42259,53776,18448.287,18921.929,5.0,237.761,Winter
2016-01-01,394305,93190,9242,7950,28204,57553,25952,34552,21281,7292,56229,9792,43068,53071,18494.414,18980.243,4.8,237.652,Winter
2016-02-01,397747,95582,9277,8050,28216,57714,26487,32917,21919,7279,57220,9771,43315,54151,18463.555,18952.742,4.9,237.336,Winter
2016-03-01,396522,93642,9238,7879,28923,57226,26301,34177,21426,7273,56992,10065,43380,53940,18619.83,19072.428,5.0,238.08,Spring
2016-04-01,397977,93838,9197,7872,27973,57903,26531,35219,21380,7198,56857,10128,43881,54261,18704.041,19091.527,5.1,238.992,Spring
2016-05-01,399587,94206,9272,7908,27545,58103,26480,36006,21482,7254,56583,10002,44746,54311,18687.668,19042.327,4.8,239.557,Spring
2016-06-01,404408,94848,9426,7879,28340,58458,26610,37135,21642,7562,57142,10067,45299,54303,18743.397,19054.522,4.9,240.222,Summer
2016-07-01,403560,96115,9342,7922,28033,58161,26612,36816,21411,7218,56762,10015,45153,54334,18778.439,19098.776,4.8,240.101,Summer
2016-08-01,403580,96424,9326,8010,27862,58381,26529,35961,21742,7019,56886,9935,45505,54795,18889.881,19204.273,4.9,240.545,Summer
2016-09-01,405979,97346,9533,7713,28030,58770,26487,36905,21889,7049,56186,10206,45865,55421,19009.597,19290.786,5.0,241.176,Fall
2016-10-01,407000,97024,9380,7618,28033,59053,25721,37859,21703,7092,56845,10368,46304,55362,18983.396,19219.035,4.9,241.741,Fall
2016-11-01,405846,96689,9348,7534,28225,59105,25944,37483,21494,6961,56671,9981,46411,56385,19103.027,19329.376,4.7,242.026,Fall
2016-12-01,412437,99428,9328,7599,28146,59399,26051,39386,21932,7081,56516,10159,47412,55415,19181.714,19364.658,4.7,242.637,Winter
2017-01-01,415660,99370,9501,7682,28464,59565,26060,39949,22058,7216,57644,10126,48025,57359,19228.522,19356.098,4.7,243.618,Winter
2017-02-01,415563,98767,9497,7613,28853,59912,26390,40240,21686,7073,57059,10295,48178,57382,19260.625,19373.787,4.6,244.006,Winter
2017-03-01,414869,96825,9557,7796,28676,60346,26545,39897,21836,6980,57390,10212,48809,57280,19351.105,19465.194,4.4,243.892,Spring
2017-04-01,416613,97394,9395,7865,29033,60480,26725,39776,21834,7050,57482,10255,49324,57373,19321.063,19394.356,4.4,244.193,Spring
2017-05-01,414253,97794,9490,7739,28736,60621,26823,38127,21627,6954,56512,10070,49760,57377,19439.409,19515.209,4.4,244.004,Spring
2017-06-01,416255,98710,9580,7651,28784,60423,27004,37460,21777,6971,57664,10050,50181,57291,19555.456,19611.326,4.3,244.163,Summer
2017-07-01,416403,98858,9520,7582,28933,60397,27101,37409,21646,6848,57331,10267,50511,57149,19577.928,19598.376,4.3,244.243,Summer
2017-08-01,416861,96722,9599,7576,28906,60757,27365,38625,21760,6915,57565,10218,50853,57588,19666.027,19638.293,4.4,245.183,Summer
2017-09-01,426256,100835,9534,7645,29997,61321,27427,40824,21857,6989,58198,10326,51303,57907,19833.831,19745.604,4.3,246.435,Fall
2017-10-01,426561,101546,9824,7695,29544,61600,27594,40784,21754,7016,57920,10346,50938,58287,19883.84,19761.867,4.2,246.626,Fall
2017-11-01,431085,100657,9937,7904,30002,61678,27746,41835,22028,7112,58317,10591,53278,58928,20066.154,19910.614,4.2,247.284,Fall
2017-12-01,433299,100480,10054,7798,30059,62306,27615,42676,21750,7073,58692,10671,54125,59280,20161.27,19974.499,4.1,247.805,Winter
2018-01-01,431006,99948,9860,7840,28991,61792,27604,42901,21791,6793,58405,10861,54220,59420,20251.628,20001.752,4.0,248.859,Winter
2018-02-01,433647,99713,9872,7942,29981,62052,27484,43180,22343,7090,58777,10792,54421,59687,20385.265,20097.463,4.1,249.529,Winter
2018-03-01,432774,99910,9875,7867,29626,62229,27626,42913,21655,7157,58033,10608,55275,60248,20348.767,20032.973,4.0,249.577,Spring
2018-04-01,434998,100001,10031,7941,29813,62345,27909,43181,22038,7063,58071,10677,55928,59500,20474.045,20090.323,4.0,250.227,Spring
2018-05-01,440091,100775,9925,7907,30643,62439,28397,44044,22766,7060,59624,10854,55657,60839,20616.394,20178.514,3.8,250.792,Spring
2018-06-01,437762,100391,9948,7944,31162,62198,28105,43811,22192,6851,58575,10782,55803,61456,20652.297,20182.585,4.0,251.018,Summer
2018-07-01,440024,100877,10020,7843,31279,62598,28247,43996,22495,6544,58934,10422,56769,62231,20751.521,20258.191,3.8,251.214,Summer
2018-08-01,439439,100050,9878,7898,30910,62430,28478,44681,22061,6479,58998,10614,56962,62523,20807.139,20287.982,3.8,251.663,Summer
2018-09-01,438880,99414,9868,7753,31106,62775,28379,44178,21941,6384,58786,10631,57665,61153,20837.53,20282.312,3.7,252.182,Fall
2018-10-01,443924,100091,9915,7797,31608,63058,28595,45871,22407,6380,59320,10866,58016,61698,20892.922,20286.933,3.8,252.772,Fall
2018-11-01,445847,101122,9928,7770,30952,63222,29102,43530,22464,6428,60005,10863,60461,61431,20912.47,20302.771,3.8,252.594,Fall
2018-12-01,435613,102208,10067,7669,30922,63263,27925,41031,22109,6326,59530,10656,53907,61360,20948.209,20324.922,3.9,252.767,Winter
2019-01-01,438860,99233,9778,7711,32019,64131,28785,40002,21976,6431,59416,10429,58949,61348,21087.059,20428.484,4.0,252.561,Winter
2019-02-01,439249,100482,9804,7615,30501,62976,29126,41491,22033,6500,58865,10563,59293,61679,21087.401,20392.6,3.8,253.319,Winter
2019-03-01,446687,103378,9889,7630,30834,64087,29035,43205,22357,6541,59647,10700,59384,62257,21137.939,20424.372,3.8,254.277,Spring
2019-04-01,446833,101385,9958,7467,30855,64304,28936,44734,22306,6659,59513,10895,59821,62731,21290.433,20502.273,3.7,255.233,Spring
2019-05-01,449524,102958,10032,7624,30572,64292,29185,43911,22116,6684,59340,11078,61732,63406,21363.656,20563.594,3.6,255.296,Spring
2019-06-01,449409,102707,10098,7570,30622,64586,29029,42168,22119,6739,59471,11062,63238,64307,21500.236,20687.74,3.6,255.213,Summer
2019-07-01,453221,103472,10125,7607,31137,65380,28895,42831,22450,6617,60189,10939,63579,65053,21640.92,20773.845,3.7,255.802,Summer
2019-08-01,456082,105665,10093,7560,31469,65444,28902,42803,22412,6684,59883,11150,64017,65266,21695.348,20821.844,3.6,256.036,Summer
2019-09-01,452230,103249,10252,7560,31151,64867,28825,42444,22216,6661,59355,11065,64585,65958,21746.578,20857.095,3.5,256.43,Fall
2019-10-01,453365,103230,10132,7500,31076,64643,29107,42961,22283,6713,59726,11232,64762,66430,21776.227,20858.705,3.6,257.155,Fall
2019-11-01,456587,105958,10185,7534,31164,64816,28827,42884,22247,6473,60360,11416,64723,66533,21936.397,20994.132,3.6,257.879,Fall
2019-12-01,457253,103946,10239,7584,31527,65335,28517,44150,23116,6684,60287,11242,64626,67701,21994.547,21000.636,3.6,258.63,Winter
2020-01-01,456420,102317,10405,7429,32015,64626,29318,43402,22854,6705,60539,11531,65279,68991,22018.618,20964.473,3.6,258.906,Winter
2020-02-01,456401,102964,10239,7327,32081,64741,29680,41481,22679,6682,60821,11483,66223,68979,22113.375,21047.836,3.5,259.246,Winter
2020-03-01,429196,75948,7977,6005,31953,81748,31032,35024,11435,5508,62573,9686,70307,48480,20987.546,19985.247,4.4,258.15,Spring
2020-04-01,376918,65463,3971,3364,31734,70991,26361,27076,2885,3683,55973,7037,78380,31394,18949.189,18158.546,14.8,256.126,Spring
2020-05-01,443726,98394,7159,4137,36132,72203,26900,30045,8345,6432,60914,8698,84367,41252,19815.645,18958.37,13.2,255.848,Spring
2020-06-01,473811,106827,9917,5834,36468,70807,28822,33866,17254,8113,61590,10633,83680,53159,20974.596,19990.45,11.0,257.004,Summer
2020-07-01,480116,106502,10230,6652,35941,71251,30474,35471,17984,7851,61365,11174,85221,55528,21399.651,20310.175,10.2,258.408,Summer
2020-08-01,482243,107210,10736,6754,36389,70182,30019,36328,18300,7319,60132,11425,87449,58180,21635.223,20504.946,8.4,259.366,Summer
2020-09-01,491386,110872,10798,6565,36819,70133,30429,36584,20719,7790,61876,11466,87335,59745,21908.046,20724.711,7.8,259.951,Fall
2020-10-01,489705,110277,10666,6998,36278,69628,30384,36510,20229,7686,61206,11542,88301,59566,22047.558,20819.775,6.8,260.249,Fall
2020-11-01,487287,109215,10452,6730,36532,70535,29955,35533,19275,7590,60817,11625,89028,57134,21896.625,20619.62,6.7,260.895,Fall
2020-12-01,495533,111339,10657,6471,36471,70450,30157,38879,20072,7635,61041,12255,90106,53767,22129.323,20737.672,6.7,262.005,Winter
2021-01-01,511693,114276,11790,7286,38691,71487,30204,40944,20888,8436,65060,12148,90483,58817,22540.056,21026.866,6.4,262.518,Winter
2021-02-01,498200,110697,11152,6982,36956,71740,30005,41744,19869,7602,61821,11918,87714,57289,22331.954,20743.492,6.2,263.583,Winter
2021-03-01,550963,130568,11949,8190,42276,72199,32527,46437,24261,9207,66483,13302,93564,65385,22928.545,21206.388,6.1,264.91,Spring
2021-04-01,554420,133910,12005,8255,42189,72826,32394,45214,24274,9013,67371,13288,93681,68285,23135.405,21284.595,6.1,266.752,Spring
2021-05-01,545289,130237,11822,8088,40385,73368,31795,45585,24875,8732,66479,12641,91282,70254,23281.362,21301.08,5.8,268.452,Spring
2021-06-01,548693,126502,11706,8410,39911,74046,32826,46655,25868,8656,66184,13346,94583,73432,23460.318,21347.863,5.9,270.664,Summer
2021-07-01,537817,122077,11775,8270,39109,73879,32678,47502,25152,8434,66217,13496,89228,74830,23662.548,21434.344,5.4,271.994,Summer
2021-08-01,542140,118938,11738,7962,39041,75605,32981,48620,24677,8451,66738,13644,93745,74752,23819.96,21465.278,5.1,272.789,Summer
2021-09-01,545726,119999,11763,7854,39307,75819,32676,50151,25076,8406,66875,13821,93979,74803,24004.412,21554.44,4.7,273.887,Fall
2021-10-01,555517,122184,11996,8349,40011,76140,32506,51883,25248,8414,67801,13951,97034,75045,24461.039,21797.574,4.5,276.434,Fall
2021-11-01,562175,124570,11920,7458,41147,76378,32870,52934,25824,8666,67820,14106,98482,75600,24574.991,21771.171,4.1,278.799,Fall
2021-12-01,558148,121589,11509,7410,41298,76948,32866,54338,24718,8424,67998,14018,97032,74367,24927.778,21979.084,3.9,280.808,Winter
2022-01-01,571325,128830,11808,7454,42376,77429,33049,53670,24050,8236,68679,13919,101825,72709,24875.862,21778.155,4.0,282.39,Winter
2022-02-01,574609,129561,11926,7580,42196,77479,32877,56028,24708,8545,69414,14057,100238,75913,25001.811,21731.158,3.8,284.535,Winter
2022-03-01,585912,128603,12056,8216,43113,78318,33011,63183,25838,8620,70000,14440,100514,78255,25209.675,21712.212,3.6,287.553,Spring
2022-04-01,592141,130876,12383,8459,42996,78537,33315,63821,25882,8550,71187,14476,101659,81104,25311.151,21704.231,3.7,288.764,Spring
2022-05-01,589282,125373,12206,8056,42543,79299,33166,66679,25379,8523,71773,14346,101939,81758,25540.881,21707.463,3.6,291.359,Spring
2022-06-01,593360,125577,11989,7864,42581,79908,33736,67937,25565,8542,72751,14609,102301,82342,25780.787,21717.798,3.6,294.996,Summer
2022-07-01,589039,123450,11914,7984,42692,79859,33973,66021,24969,8534,71997,14382,103264,82028,25763.104,21720.243,3.5,294.977,Summer
2022-08-01,590987,126957,12066,7895,43154,80268,33883,61054,25259,8645,72566,14705,104535,84120,26118.837,21967.916,3.6,295.209,Summer
2022-09-01,588894,125917,11927,7835,42924,80777,34170,58395,25552,8623,73296,14360,105118,84418,26101.976,21870.323,3.5,296.341,Fall
2022-10-01,595839,128599,12218,7800,43297,81592,34080,60478,25599,8682,73268,14236,105990,85909,26302.515,21936.989,3.6,297.863,Fall
2022-11-01,588309,125807,11808,7176,41994,81795,34304,59627,25384,8574,73388,13852,104600,85365,26452.558,22001.067,3.6,298.648,Fall
2022-12-01,581749,122376,11503,7087,42275,81576,33644,56526,24916,8699,73022,13846,106279,84985,26470.142,22036.766,3.5,298.812,Winter
2023-01-01,603496,133781,12964,8032,43082,81347,35002,56394,26045,8663,74707,14618,108861,90330,26737.452,22124.348,3.4,300.356,Winter
2023-02-01,598274,130506,12159,7723,42685,81935,35582,55233,25559,8556,74429,14323,109584,88160,26822.073,22104.968,3.6,301.509,Winter
2023-03-01,590606,129160,11835,7788,40867,81425,35682,54863,25387,8554,72099,14121,108825,88461,26881.278,22112.698,3.5,301.744,Spring
2023-04-01,594962,130983,11553,7622,41077,81206,36074,53994,25155,8616,73169,14437,111076,88736,26933.757,22120.239,3.4,303.032,Spring
2023-05-01,596688,131953,11446,7711,41919,81288,36414,52560,25195,8574,73235,14338,112055,89984,27069.169,22251.689,3.7,303.365,Spring
2023-06-01,598006,133441,11608,7771,41118,81181,36339,52180,25286,8513,73392,14687,112490,90804,27186.11,22309.563,3.6,304.003,Summer
2023-07-01,599270,132057,11351,7576,41014,81384,35844,52074,25584,8777,73793,14474,115342,91371,27387.137,22414.678,3.5,304.628,Summer
2023-08-01,603889,132618,11296,7670,41223,81826,36521,55766,25843,8474,74074,13883,114695,92051,27624.016,22501.321,3.8,306.187,Summer
2023-09-01,608307,133853,11326,7718,41045,82046,36755,56439,25583,8480,74074,14612,116376,92979,27819.23,22561.605,3.8,307.288,Fall
2023-10-01,606596,132283,11049,7792,40940,82114,37607,55546,25516,8439,74007,14774,116529,93381,27757.209,22524.995,3.8,307.531,Fall
2023-11-01,606035,133125,11319,7508,40841,82181,37455,53518,25764,8501,73841,14747,117235,94672,27936.313,22674.04,3.7,308.024,Fall
2023-12-01,608730,133754,11198,7363,40963,82158,36799,53099,26147,8364,74767,14745,119373,94526,28177.472,22844.025,3.7,308.742,Winter
2024-01-01,601921,130745,11209,7597,39375,81865,36213,52376,25960,8367,74833,14792,118589,93710,28072.857,22684.233,3.7,309.685,Winter
2024-02-01,606720,133673,10968,7814,40301,81992,36142,53397,25949,8424,75145,15109,117806,93799,28360.395,22829.79,3.9,311.054,Winter
2024-03-01,610060,133485,10743,7611,40222,82265,36202,53801,25321,8316,75835,15478,120781,93678,28374.27,22767.625,3.8,312.23,Spring
2024-04-01,608458,132104,10941,7810,40402,82825,36117,54663,25893,8129,75189,15201,119184,94223,28553.963,22853.52,3.9,313.207,Spring
2024-05-01,610010,133545,11034,7938,40189,82758,36669,53440,26227,8226,75273,14982,119729,94299,28687.91,22960.986,4.0,313.225,Spring
2024-06-01,607986,128751,11104,7821,40803,82893,36911,52340,26248,8218,75247,15226,122424,94364,28717.658,22967.554,4.1,313.049,Summer
2024-07-01,615855,134400,11298,7908,41144,83677,37543,52604,26276,8146,75864,15107,121888,94554,28909.887,23069.876,4.3,313.534,Summer
